context_length,configuration,repetition,wall_time_s,decode_tokens,tokens_per_second,min_rss_mb,avg_rss_mb,peak_rss_mb,vm_peak_mb,rss_anon_mb,active_kv_mb,cold_kv_mb,storage_bytes,storage_read_bytes,storage_write_bytes,storage_requests,p2_resident_payload_mb,p3_resident_payload_mb,staging_mb,p2_metadata_bytes,exact_token_match
4096,BASELINE,0,17.80841134900038,16,0.8984518431453522,19389.890625,19535.341616475234,20075.25,25287.0234375,16894.62109375,1156.5,0.0,0,0,0,,0.0,0.0,0.0,0,True
4096,BASELINE,1,17.332269690999965,16,0.9231335702275758,19377.88671875,19501.4842123795,20074.84765625,25224.47265625,16849.3046875,1156.5,0.0,0,0,0,,0.0,0.0,0.0,0,True
4096,BASELINE,2,17.32303131200024,16,0.9236258777016854,19449.984375,19549.54180963676,20076.0390625,25287.14453125,17007.40234375,1156.5,0.0,0,0,0,,0.0,0.0,0.0,0,True
4096,AI-SSD,0,114.45302693899976,16,0.1397953416166752,17560.203125,17564.99267892084,17567.67578125,25223.01953125,16874.80078125,122.625,1147.5,1203240960,621527040,1203240960,165780,0.0,0.0,64.0,6170200,True
4096,AI-SSD,1,111.31198498099911,16,0.14374013726133075,15880.68359375,15951.377652880778,15957.78125,25224.46484375,15856.8984375,122.625,1147.5,1203240960,621527040,1203240960,165780,0.0,0.0,64.0,6170200,True
4096,AI-SSD,2,115.24866279600064,16,0.13883024420267054,15877.6796875,15955.033111123657,15970.71875,25223.0234375,15869.8203125,122.625,1147.5,1203240960,621527040,1203240960,165780,0.0,0.0,64.0,6170200,True
8192,BASELINE,0,34.00214183999924,16,0.47055859231720554,22920.75390625,23028.438033925,23184.47265625,37112.02734375,15771.05859375,2308.5,0.0,0,0,0,,0.0,0.0,0.0,0,True
8192,BASELINE,1,33.8624773069987,16,0.47249939379636346,22905.78125,23015.551940799276,23209.7265625,37208.1484375,15755.23828125,2308.5,0.0,0,0,0,,0.0,0.0,0.0,0,True
8192,BASELINE,2,34.144753037000555,16,0.4685932266858627,22909.16796875,23021.37210819011,23204.73046875,37196.0234375,15791.6640625,2308.5,0.0,0,0,0,,0.0,0.0,0.0,0,True
8192,AI-SSD,0,230.64836603799995,16,0.06936966549922992,15902.984375,16011.25895998772,16023.078125,37129.046875,15922.11328125,239.625,2299.5,2411200512,1245265920,2411200512,332100,0.0,0.0,64.0,12363360,True
8192,AI-SSD,1,222.13961382700109,16,0.07202677507335793,15911.5703125,16010.151110658575,16020.02734375,37139.05078125,15919.1171875,239.625,2299.5,2411200512,1245265920,2411200512,332100,0.0,0.0,64.0,12363360,True
8192,AI-SSD,2,225.78733630500028,16,0.07086314167056172,15867.5625,16010.438840847655,16022.59765625,37208.046875,15921.671875,239.625,2299.5,2411200512,1245265920,2411200512,332100,0.0,0.0,64.0,12363360,True
16384,BASELINE,0,20.883090401999652,16,0.7661701257811883,29951.37890625,29968.268968158278,30019.765625,31867.8671875,15802.3203125,4594.78125,0.0,0,0,0,,0.0,0.0,0.0,0,True
16384,BASELINE,1,21.653087153001252,16,0.7389246571144152,30009.74609375,30026.5601557899,30078.453125,31923.66015625,15860.89453125,4594.78125,0.0,0,0,0,,0.0,0.0,0.0,0,True
16384,AI-SSD,0,442.3510944920017,16,0.03617036376585545,15999.4453125,16091.068072335165,16110.1796875,31955.5546875,16003.06640625,464.625,4585.5,4808245248,2479472640,4808245248,660420,0.0,0.0,64.0,24788568,True
16384,AI-SSD,1,431.93335795500025,16,0.03704275139978171,15962.63671875,16098.920382856255,16116.88671875,31957.05859375,16016.1015625,464.625,4585.5,4808245248,2479472640,4808245248,660420,0.0,0.0,64.0,24788568,True
32768,BASELINE,0,39.473153653001646,16,0.4053387814070264,43920.2265625,43953.946279505864,44052.09375,45987.56640625,15804.515625,9157.78125,0.0,0,0,0,,0.0,0.0,0.0,0,True
32768,AI-SSD,0,875.1726834239998,16,0.018282106266619372,15980.06640625,16205.213272230196,16340.06640625,45987.39453125,16115.10546875,923.625,9148.5,9592897536,4947886080,9592897536,1318140,0.0,0.0,64.0,49461856,True
