timestamp,model,context,decode,threads,dtype,topk_ratio,prefetch,baseline_tok_s,baseline_wall_s,baseline_rss_mb,aissd_tok_s,aissd_wall_s,aissd_rss_mb,throughput_retention_pct,dram_reduction_pct,storage_bytes_read,storage_requests,prefetch_hit_pct,useful_prefetches,wasted_bytes,token_match_pct
2026-10-03T11:12:26.882015Z,Qwen/Qwen2.5-0.5B,512,16,4,float32,0.1,True,19.83,0.8069,2738.6,15.08,1.0611,2775.3,76.0,84.1,57507840,14324,36.9,284,0,56.2
2026-10-03T11:18:03.000662Z,Qwen/Qwen2.5-0.5B,512,16,4,float32,0.1,True,19.33,0.8276,2742.2,16.53,0.9682,2907.5,85.5,84.1,57507840,14324,36.9,284,0,56.2
2026-10-03T11:33:05.649398Z,Qwen/Qwen2.5-0.5B,512,16,4,float32,0.1,True,19.70,0.8122,2800.6,16.66,0.9602,2805.4,84.6,84.1,51609600,12884,34.5,284,0,56.2
2026-10-03T11:48:10.841123Z,Qwen/Qwen2.5-0.5B,512,16,4,float32,0.1,True,19.71,0.8116,2769.9,2770.3,2770.3,12.38,16.58,0.9651,2775.8,2777.8,2779.4,1.97,84.1,84.1,51609600,12884,34.5,284,0,56.2
2026-10-03T11:48:42.232757Z,Qwen/Qwen2.5-0.5B,512,16,4,float32,0.1,True,19.69,0.8124,2746.9,2747.0,2747.0,12.38,16.12,0.9929,2771.1,2776.2,2779.4,1.97,81.8,84.1,51609600,12884,34.5,284,0,56.2
2026-10-03T11:54:02.977582Z,Qwen/Qwen3-4B-Instruct-2507,128,16,4,float32,0.1,True,3.15,5.0818,15999.8,16000.2,16000.2,40.50,3.07,5.2078,16066.1,16095.3,16104.2,10.12,97.6,74.8,17694720,4416,34.3,96,0,6.2
2026-10-03T11:55:15.114285Z,Qwen/Qwen3-4B-Instruct-2507,256,16,4,float32,0.1,True,3.21,4.9809,16218.1,16219.9,16231.8,76.50,3.04,5.2690,16366.1,16402.0,16412.8,14.62,94.5,80.8,37601280,9378,32.8,198,0,6.2
2026-10-03T11:56:50.193386Z,Qwen/Qwen3-4B-Instruct-2507,512,16,4,float32,0.1,True,3.04,5.2673,16449.5,16451.3,16476.9,148.50,2.90,5.5129,16856.4,16908.3,16917.3,23.62,95.5,84.1,77414400,19171,25.9,271,0,6.2
2026-10-03T12:22:50.799158Z,Qwen/Qwen3-4B-Instruct-2507,4096,16,4,float32,0.1,True,0.95,16.8364,19513.1,19684.1,19950.1,1156.50,1.52,10.5350,24111.9,24181.4,24205.5,122.62,159.7,89.4,621527040,165780,12.7,14014,3407872,6.2
2026-10-03T13:00:46.395306Z,Qwen/Qwen2.5-0.5B,512,16,4,float32,0.1,True,19.35,0.8269,2842.3,2842.4,2842.4,12.38,4.51,3.5512,2553.8,2554.1,2554.2,1.97,23.3,84.1,51609600,12938,36.2,338,0,100.0
